customer_id,first_name,last_name,email,address,phone_number,Account_number,ticket_id,createdAt
C725421930-2,Leeland,Giblin,lgiblinmc@wufoo.com,8 Dottie Circle,299-943-8496,3532669416405614B,T504721720-25,10/21/2020 19:00
C818586166-8,Diann,Ghidetti,dghidettiay@ucoz.com,34 South Avenue,870-440-8336,3585559491163392B,T461933543-26,10/21/2020 19:04
C327846539-3,Inessa,Klimowicz,iklimowicz1k@skyrock.com,2 Prairieview Park,400-393-3970,5048376418206964B,T536131531-21,10/21/2020 19:05
C073325537-X,Ewen,Dyett,edyettpx@linkedin.com,391 Boyd Center,693-710-9606,3542666647582763B,T852349691-22,10/21/2020 19:06
C757381678-2,Vicki,Tapping,vtappingnv@elpais.com,209 Anhalt Place,925-657-0611,5100139710988407B,T343945179-28,10/21/2020 19:06
C470254243-5,Yevette,Shewery,ysheweryo0@hhs.gov,17 Blue Bill Park Crossing,145-765-7842,5563246104920316B,T786346739-2X,10/21/2020 19:09
C209292562-8,Tasha,Wrightson,twrightson4c@360.cn,76 Susan Center,720-153-3915,3556528149550685B,T220985344-23,10/21/2020 19:09
C745795118-0,Pepito,Dulen,pdulen5f@e-recht24.de,272 Oneill Circle,530-280-9039,564182248339386864B,T457418415-29,10/21/2020 19:10
C539078325-5,Silvie,Elliott,selliotth3@walmart.com,10 Bluestem Crossing,526-339-5526,5499166377027913B,T092556784-21,10/21/2020 19:15
C828114000-3,Andrej,Reimers,areimers4q@princeton.edu,2830 Sutteridge Trail,174-336-7328,67060894536830195B,T931096293-23,10/21/2020 19:18
C125927207-9,Neale,Stubbert,nstubbertbi@hud.gov,842 Lukken Court,770-624-4019,5114660643389201B,T318144333-26,10/21/2020 19:19
C111742029-9,Jacky,Herreros,jherreroshb@smugmug.com,097 Anderson Center,402-251-9578,30012534458152B,T277527624-25,10/21/2020 19:19
C417536591-5,Marion,Fridd,mfriddm6@irs.gov,9686 Gerald Alley,886-371-9755,3549622220109295B,T794393452-20,10/21/2020 19:22
C321181294-6,Trula,Headingham,theadinghamlm@va.gov,9 Marcy Street,328-727-5271,0604062448754903B,T367212911-29,10/21/2020 19:24
C181219043-3,Coraline,Mountcastle,cmountcastle6i@pen.io,064 Summerview Center,976-666-2190,3581043616390457B,T693672557-20,10/21/2020 19:25
C456966372-9,Nickolai,Atwood,natwoodbg@fotki.com,06215 Oriole Court,186-385-7356,36561416650751B,T540420301-23,10/21/2020 19:26
C846491345-1,Zena,Braisby,zbraisbyh4@si.edu,396 Dottie Park,429-934-5457,4905469924779304B,T043744286-21,10/21/2020 19:28
C508147426-6,Dody,Carrodus,dcarrodus32@sitemeter.com,05 Riverside Alley,266-755-6401,5893985065306996724B,T266373382-22,10/21/2020 19:32
C892535454-3,Jeniffer,Iannuzzi,jiannuzzigo@craigslist.org,4567 Alpine Pass,755-403-8586,3537832469280079B,T231015640-2X,10/21/2020 19:33
C953120088-2,Thomas,Roxbee,troxbeef9@vistaprint.com,4 Nelson Avenue,984-850-3871,4508488420532703B,T814800128-26,10/21/2020 19:34
C954330173-5,Carilyn,Urch,curch1t@bloglovin.com,477 Clarendon Plaza,837-572-8599,3558777191797680B,T011796367-24,10/21/2020 19:37
C378131613-0,Pryce,Cardew,pcardew59@unblog.fr,51 Scott Terrace,450-905-5612,4041377273045851B,T978748150-23,10/21/2020 19:41
C564967009-9,Isadore,Linnett,ilinnettrr@usgs.gov,87 Debra Street,175-874-0064,3536754887180197B,T660300061-2X,10/21/2020 19:42
C766295550-8,Anjanette,Sacher,asacher6j@posterous.com,336 Upham Alley,171-617-5844,490319213216650968B,T897430199-27,10/21/2020 19:43
C472704667-9,Torr,Counsell,tcounsellmh@parallels.com,9 Fulton Road,222-178-5751,3570914096446592B,T689202161-21,10/21/2020 19:45
C728040073-6,Rinaldo,Tatem,rtatemek@chicagotribune.com,29 Blackbird Street,454-422-2736,3580375412857698B,T255938665-28,10/21/2020 19:46
C975411553-2,Ruy,Leeke,rleekeiw@fema.gov,051 Judy Hill,120-500-3062,374622976013598B,T211434080-25,10/21/2020 19:46
C072344987-2,Barnabe,Haddrill,bhaddrillog@vk.com,976 Park Meadow Junction,544-949-7219,5007668258649199B,T491959502-26,10/21/2020 19:47
C675410089-3,Ethyl,Coutthart,ecoutthartgr@sun.com,61992 Maryland Junction,730-737-3546,5602252099364455B,T489404732-22,10/21/2020 19:47
C042048115-X,Lorry,Illem,lillemij@istockphoto.com,2 Alpine Alley,180-306-8149,3533999540282954B,T730075194-26,10/21/2020 19:48
C046431682-0,Dolph,Dillestone,ddillestoneau@spotify.com,441 Comanche Place,219-585-6712,201628834816220B,T960984599-21,10/21/2020 19:48
C684798559-3,Henderson,MacVay,hmacvay5c@51.la,62919 Hoard Court,628-192-6316,374283201567948B,T553832985-22,10/21/2020 19:49
C413306595-6,Maxine,Hymers,mhymers1s@pagesperso-orange.fr,59470 Leroy Way,465-741-3414,5641826732614245B,T621191857-27,10/21/2020 19:49
C716176043-7,Carce,Joppich,cjoppich3x@theglobeandmail.com,4 Golf Point,730-793-2021,3543677975050389B,T348694980-22,10/21/2020 19:50
C084740228-2,Florance,Dosdale,fdosdaleq4@fotki.com,69 Kensington Parkway,439-283-1171,5320602655934391B,T636106909-25,10/21/2020 19:50
C825264465-1,Jermaine,Patis,jpatisbp@technorati.com,89902 Sherman Drive,928-350-1802,3548363031294114B,T595276226-23,10/21/2020 19:54
C838567309-1,Keenan,Kohtler,kkohtlerqe@canalblog.com,2043 Kinsman Alley,391-675-6788,4905980409459795392B,T718674510-25,10/21/2020 19:54
C550142322-7,Franzen,Remmers,fremmersld@arstechnica.com,0 Hanover Drive,588-397-1693,3584150885600057B,T126921525-26,10/21/2020 19:54
C666077906-X,Ara,Brumbye,abrumbyer9@ucoz.com,77941 Melvin Street,817-226-9034,3586404487256901B,T162172521-29,10/21/2020 19:54
C985304704-7,Ada,Skivington,askivington3t@vistaprint.com,24 Warrior Terrace,490-944-9131,6381115727145395B,T140445547-27,10/21/2020 19:55
C663899569-3,Mitchael,Chapier,mchapier9i@mysql.com,78303 Bunting Point,998-797-2854,4903848128615629264B,T008312854-29,10/21/2020 19:55
C758233577-5,Ibbie,Treat,itreatjj@dyndns.org,87053 Portage Junction,469-461-2986,337941485175326B,T672608910-24,10/21/2020 19:56
C047595843-8,Sheree,Downey,sdowneygq@clickbank.net,9200 Blackbird Alley,560-707-4761,4913370504148540B,T715103461-2X,10/21/2020 19:57
C738860151-1,Dru,Brooker,dbrooker97@discovery.com,66582 John Wall Circle,276-444-4179,201595696908454B,T847048074-2X,10/21/2020 19:58
C311089852-7,Carol,Bodle,cbodlerp@state.tx.us,284 Center Court,176-951-5353,3559997114745371B,T511837086-28,10/21/2020 19:59
C494432563-0,Allianora,Barnewall,abarnewallpf@usnews.com,1558 Dawn Hill,181-235-5924,56100742497875680B,T400178507-22,10/21/2020 20:01
C788878556-5,Merle,Bruntje,mbruntjeie@dagondesign.com,5314 Hovde Center,410-393-6189,630472987035785717B,T434299078-24,10/21/2020 20:01
C324396122-X,Crissie,Camlin,ccamlinc@w3.org,86 Lake View Center,381-831-3145,3559019028555786B,T794134552-28,10/21/2020 20:03
C384086471-2,Sophie,Sant,ssantgf@ted.com,0 Hoepker Crossing,496-343-4909,3541729004036376B,T153131462-27,10/21/2020 20:03
C697150903-X,Justin,Daltrey,jdaltrey3@photobucket.com,975 South Park,791-159-8737,201577996515544B,T339713760-28,10/21/2020 20:03
C845081866-4,Baxter,Felton,bfeltonhl@google.co.jp,03 Brown Avenue,938-326-0347,3541285523378260B,T135584617-2X,10/21/2020 20:04
C702965856-6,Gianni,Allom,gallom21@wordpress.com,7 Swallow Circle,601-659-4510,3540297100118804B,T892325246-28,10/21/2020 20:04
C331408189-8,Hayes,Bausmann,hbausmannm9@cmu.edu,627 Mandrake Circle,816-952-6083,3588628382526137B,T654186401-22,10/21/2020 20:06
C226358648-2,Tracie,Aldie,taldie4n@disqus.com,2 Mallory Alley,418-613-6171,5602214133977135143B,T102574258-23,10/21/2020 20:07
C368453636-9,Demott,Wildt,dwildtl7@weather.com,282 Sunnyside Hill,741-654-2935,5610226110195940B,T049790528-20,10/21/2020 20:08
C527386254-X,Shina,Jedrzejewski,sjedrzejewski5h@opera.com,86 Fairview Junction,796-255-6028,3540299729791953B,T951875418-27,10/21/2020 20:11
C226619506-9,Melloney,Seath,mseath4m@imdb.com,9 Annamark Trail,234-314-7505,3582976688527499B,T420431606-29,10/21/2020 20:13
C591875350-8,Robinetta,De Blasiis,rdeblasiis9m@ameblo.jp,307 Buhler Parkway,440-779-4952,502004150100725484B,T459463342-20,10/21/2020 20:13
C151369766-8,Simone,Rogeon,srogeonet@paypal.com,503 Tomscot Center,202-125-2251,3545003480418029B,T651180865-23,10/21/2020 20:15
C295228963-8,Keen,Calder,kcaldero6@prweb.com,786 Calypso Point,174-575-0238,3539007282533701B,T635765016-21,10/21/2020 20:15
C757796369-0,Monty,Sivewright,msivewrightcg@accuweather.com,7 Heffernan Lane,994-714-9765,3572634441267414B,T843048262-28,10/21/2020 20:18
C558471734-7,Phillie,Griffin,pgriffin3e@squarespace.com,800 Eggendart Street,585-114-0873,4405082062796363B,T638738334-2X,10/21/2020 20:18
C472049090-5,Marc,Heersema,mheersemaam@hatena.ne.jp,693 Merry Court,826-794-0047,5453486110794775B,T236546596-2X,10/21/2020 20:19
C149789828-5,Millicent,Plaister,mplaisterg5@yahoo.co.jp,082 Packers Point,231-338-2883,060483218109062404B,T443764638-2X,10/21/2020 20:20
C216097338-6,Putnem,Corrigan,pcorrigan53@samsung.com,1415 Center Alley,266-319-0967,4913702775994907B,T868490381-21,10/21/2020 20:22
C803176984-2,Carly,Armor,carmor48@jugem.jp,9183 Bay Pass,499-676-5815,3542214351234667B,T007855224-29,10/21/2020 20:24
C633296908-3,Jakob,Sollner,jsollnerc7@cnbc.com,9994 Dryden Way,231-155-3495,3551187924130471B,T155269075-2X,10/21/2020 20:26
C284525549-7,Teri,Juster,tjusteroi@utexas.edu,7955 Clyde Gallagher Way,964-371-5091,5100175804852562B,T054354023-25,10/21/2020 20:28
C896382254-0,Olive,Peeters,opeeterseu@dagondesign.com,1507 Northland Avenue,895-657-6066,3568986414474195B,T347640298-23,10/21/2020 20:28
C418366674-0,Dalenna,Philpots,dphilpotspc@paypal.com,0598 Derek Way,398-266-1345,5602250796214494B,T743958861-24,10/21/2020 20:30
C497805363-3,Clyve,Hans,chansks@infoseek.co.jp,8723 Morning Lane,340-831-6455,3582048042359900B,T096893658-2X,10/21/2020 20:32
C041324488-1,Rufus,Gwioneth,rgwionethnq@qq.com,79 Ludington Point,212-843-4243,3585187962595650B,T095284232-27,10/21/2020 20:33
C841438280-0,Keven,Gosse,kgossedz@ft.com,0155 Dwight Road,373-943-3054,67633848984090742B,T235314153-26,10/21/2020 20:34
C245974227-4,Selinda,Oki,sokind@so-net.ne.jp,6 Hayes Road,341-626-9597,676735095161485304B,T553083246-26,10/21/2020 20:34
C507703875-9,Justen,Lindroos,jlindroosey@wordpress.com,4553 Lunder Terrace,991-301-8844,3535493470499497B,T535362366-25,10/21/2020 20:41
C607128393-0,Neal,Escudier,nescudierel@symantec.com,04 Northview Plaza,877-126-5832,3570559456218337B,T904233681-21,10/21/2020 20:42
C503972114-5,Lianne,Kerwick,lkerwickme@blogtalkradio.com,4709 Mcbride Avenue,101-367-4738,676246677049236108B,T511207665-28,10/21/2020 20:42
C867263303-2,Robinet,Pleavin,rpleavinik@house.gov,000 Barby Terrace,404-301-7144,3559991578379520B,T290106257-21,10/21/2020 20:44
C447575609-X,Neall,Hebden,nhebdenpy@hhs.gov,2729 Linden Junction,974-110-6029,5419035069613826B,T726815435-26,10/21/2020 20:51
C680599810-7,Emogene,Parman,eparman9e@typepad.com,98636 Express Trail,629-392-4027,56022412942079487B,T971806595-24,10/21/2020 20:54
C422283137-9,Maurie,Niesel,mnieselhs@nhs.uk,21717 Walton Center,977-925-4878,201618114707801B,T720346500-24,10/21/2020 20:56
C959721288-9,Ina,Skene,iskene13@ox.ac.uk,9 Macpherson Plaza,812-730-0796,4017951989481848B,T714563897-25,10/21/2020 20:57
C344060269-9,Lorelei,Paynter,lpaynterpv@lycos.com,922 Toban Junction,846-831-3919,4026225974857794B,T712687026-24,10/21/2020 20:58
C901299444-6,Rayna,Thames,rthames6e@addtoany.com,7396 Badeau Road,189-245-2234,4041371339334656B,T422616036-23,10/21/2020 21:00
C128457970-0,Jillane,Almack,jalmackac@chron.com,0 Annamark Point,292-519-4047,3550080780889176B,T014433450-2X,10/21/2020 21:00
C394465533-8,Roselle,Langthorne,rlangthornebl@answers.com,3 Eastwood Drive,942-145-2776,3570770644929921B,T252391332-21,10/21/2020 21:01
C832652817-X,Catriona,Goodnow,cgoodnowdb@google.ru,81422 Oakridge Avenue,690-522-0980,3561860219673565B,T763368437-22,10/21/2020 21:02
C003131072-9,Giorgi,Trazzi,gtrazzi89@statcounter.com,47251 Debra Center,822-160-4111,3582403550780700B,T343750101-21,10/21/2020 21:03
C551596921-9,Adeline,Hassan,ahassanny@storify.com,519 Meadow Ridge Place,847-230-2393,4175004856766525B,T246592292-20,10/21/2020 21:07
C871998826-5,Josefina,Downton,jdownton76@plala.or.jp,1386 Oak Lane,704-571-2288,374288092072841B,T076578494-27,10/21/2020 21:07
C088953289-3,Gene,Everley,geverleyh2@hao123.com,4692 Nancy Alley,695-937-8875,4911342343356792B,T638636750-22,10/21/2020 21:11
C290615259-5,Neel,Janout,njanoutgx@phpbb.com,17 Badeau Lane,476-991-1192,3572126083145792B,T373236976-25,10/21/2020 21:12
C699647579-1,Kain,Caulcott,kcaulcotts@examiner.com,75 Shasta Road,361-982-1774,633110031686181413B,T341214716-28,10/21/2020 21:12
C994165107-8,Carmelia,Maxted,cmaxtedhk@nifty.com,102 Charing Cross Drive,832-551-9170,3585281004133875B,T774036037-26,10/21/2020 21:13
C939793754-5,Jenilee,Broggelli,jbroggellibr@psu.edu,29 Express Pass,147-195-4948,4917971537757300B,T169880802-2X,10/21/2020 21:13
C514142461-8,Shermie,Collopy,scollopyot@ca.gov,11 Hansons Terrace,123-259-5223,5294593503075473B,T819221527-2X,10/21/2020 21:14
C978291688-9,Che,Slemming,cslemmingi6@craigslist.org,92 West Junction,654-787-6561,4508997979367691B,T562550453-29,10/21/2020 21:15
C659379854-1,Durand,Reyner,dreynernu@ox.ac.uk,8140 Anthes Crossing,401-545-3606,3537232731885674B,T266988930-21,10/21/2020 21:16
C379295349-8,Reuven,Fasset,rfassetdr@forbes.com,26 Cherokee Park,408-766-3949,5602239198888401B,T179174094-24,10/21/2020 21:17
C143979370-0,Rolph,Deluca,rdeluca8n@instagram.com,26 Summerview Point,657-249-5909,3556994926234374B,T960048391-24,10/21/2020 21:20
C585395458-X,Arlene,Eley,aeleyow@techcrunch.com,180 Farragut Place,324-603-1304,5610957803645714B,T229499206-27,10/21/2020 21:20
C280647329-2,Ganny,Vlasov,gvlasovcn@economist.com,4 8th Way,687-736-6062,6370655986845782B,T460193454-20,10/21/2020 21:23
C237409210-0,Chip,Stowe,cstowe8y@mac.com,09824 Glacier Hill Point,707-129-1052,3587033975336674B,T533606791-21,10/21/2020 21:27
C738656032-X,Tildi,Heliot,theliotnb@mac.com,400 Swallow Lane,142-130-7487,3585563409567223B,T308824057-29,10/21/2020 21:29
C970117647-2,Bernita,Fielding,bfieldingdm@baidu.com,26674 Maple Wood Pass,750-245-0576,5602250619697230B,T274701634-2X,10/21/2020 21:30
C455405021-1,Broderic,Gaukroger,bgaukrogeri0@geocities.com,1 Sutteridge Point,928-695-6218,3576013927557075B,T036404728-23,10/21/2020 21:32
C439582302-5,Florrie,Maskelyne,fmaskelyne4y@indiatimes.com,50957 Blackbird Drive,610-191-8904,5602236113453477B,T789531961-22,10/21/2020 21:33
C986064279-6,Bibbye,Viccary,bviccaryen@mediafire.com,397 Commercial Plaza,206-573-2623,5529714985528097B,T901264079-22,10/21/2020 21:35
C527359168-6,Belva,Niblett,bniblett8r@cnn.com,65 Canary Point,323-715-7125,5048373440947798B,T607203780-21,10/21/2020 21:36
C189022987-3,Deeann,Scoular,dscoularf2@slate.com,87 Novick Road,155-769-7536,5556459937219470B,T210861145-22,10/21/2020 21:36
C485307369-8,Wenonah,Hucquart,whucquartai@accuweather.com,969 Hagan Road,963-666-5990,4936289015694885600B,T576333461-22,10/21/2020 21:39
C097333634-X,Barbaraanne,Eslie,besliebq@accuweather.com,0 Stoughton Parkway,623-613-4963,3561980375566708B,T667220735-2X,10/21/2020 21:42
C191070005-3,Lem,Fermoy,lfermoy9w@sitemeter.com,79 Judy Circle,822-236-5950,3584179427999602B,T956934126-22,10/21/2020 21:44
C569747376-1,Enrica,Menco,emencodp@multiply.com,598 Shasta Parkway,262-812-6016,374283928671379B,T035954673-20,10/21/2020 21:44
C674089123-0,Galvin,Egentan,gegentan7j@clickbank.net,591 Mosinee Plaza,792-734-5546,4911259019135541615B,T077386177-27,10/21/2020 21:48
C367980645-0,Granger,Fayerman,gfayermankt@wsj.com,85460 Gina Junction,735-616-4932,3580694430942427B,T309411910-27,10/21/2020 21:48
C641907703-6,Lori,Gaunt,lgauntip@pcworld.com,9712 Sachs Hill,647-595-9455,561037236660343425B,T424854553-25,10/21/2020 21:51
C447911510-2,Caspar,Dorber,cdorberqm@biglobe.ne.jp,54 Sunnyside Court,301-105-7568,4175003619601250B,T766761971-29,10/21/2020 21:52
C949793719-9,Peirce,Grannell,pgrannellns@histats.com,67 Sherman Lane,437-752-2019,3548712038669217B,T826171022-2X,10/21/2020 21:55
C007488770-X,Malorie,McGinty,mmcgintynh@drupal.org,7381 Monterey Lane,494-522-9154,5374471077595262B,T344347167-26,10/21/2020 21:57
C719356590-7,Kerwinn,Lates,klates3y@epa.gov,12886 Manitowish Pass,465-536-1364,379545724076408B,T822455609-23,10/21/2020 22:01
C115861411-X,Herby,Alban,halbanom@whitehouse.gov,4 Shasta Park,987-604-1702,5602221554100761B,T354597363-28,10/21/2020 22:01
C798155406-3,Curtis,Schottli,cschottli3g@parallels.com,66182 Duke Center,930-782-4032,5100137967445378B,T957122853-22,10/21/2020 22:02
C434280778-5,Jackelyn,Krammer,jkrammeref@skyrock.com,5 Summer Ridge Lane,681-252-4730,5331213043375227B,T627387715-27,10/21/2020 22:02
C313650770-3,Ceil,Fosse,cfosseak@opensource.org,9921 Reindahl Court,858-233-9843,4175006018600401B,T180667577-23,10/21/2020 22:03
C307980332-9,Jermaine,Meake,jmeakedq@themeforest.net,6 Prairie Rose Road,944-485-8538,4508649217372062B,T573937473-21,10/21/2020 22:03
C431194426-8,Doyle,Greenhead,dgreenhead2h@nhs.uk,41 Fairview Center,625-379-8863,3542579275331934B,T098342026-22,10/21/2020 22:04
C556566062-9,Malena,Faireclough,mfaireclough1h@google.com.au,4408 Duke Alley,452-970-0712,3576961093318567B,T260605234-2X,10/21/2020 22:05
C999765727-6,Padgett,Marley,pmarleynr@printfriendly.com,8 Moulton Lane,508-475-9314,3584874308847611B,T903536564-2X,10/21/2020 22:08
C585964735-2,Evanne,Vivien,evivien88@msu.edu,9942 Center Circle,370-758-6039,3589004279273515B,T474012738-25,10/21/2020 22:08
C324915160-2,Terrel,Kitcatt,tkitcattm2@example.com,40 Welch Court,828-874-0271,5602229611442845B,T328967274-23,10/21/2020 22:11
C495934058-4,Robinetta,Lerego,rleregofr@sphinn.com,4 Golf View Hill,921-439-0827,5602232560401408B,T612122833-24,10/21/2020 22:12
C433009905-5,Jamison,Heaps,jheaps1j@baidu.com,3 Elgar Hill,518-886-5091,5010125921623551B,T258963977-25,10/21/2020 22:15
C942471359-2,Kay,Demeter,kdemeterhg@go.com,3 Dunning Court,216-482-4207,6370663596925812B,T439744657-21,10/21/2020 22:15
C341471416-7,Lia,Parades,lparades1a@mayoclinic.com,921 Onsgard Hill,834-681-1893,0604973743172734B,T267561193-2X,10/21/2020 22:17
C632244023-3,Bax,Kincla,bkinclag@icq.com,020 Vahlen Terrace,414-533-2462,4913192202215938B,T577664121-27,10/21/2020 22:19
C853970835-3,Alana,Groves,agroves7a@odnoklassniki.ru,382 Bay Point,714-293-8829,3531925580286763B,T443415822-28,10/21/2020 22:19
C115599994-0,Titus,Wigan,twiganbn@ning.com,1867 Blaine Crossing,385-171-9661,3576795735585773B,T133046071-25,10/21/2020 22:22
C838245887-4,Dur,Dunwoody,ddunwoodyrj@epa.gov,4 Logan Pass,111-600-6065,5100137899119125B,T018750778-23,10/21/2020 22:23
C549770039-X,Cass,Cheake,ccheakegh@umn.edu,271 Warbler Circle,475-716-5187,676270936510649903B,T164762042-22,10/21/2020 22:27
C059138242-3,Helge,McDonough,hmcdonoughh6@bloomberg.com,21 Gale Road,567-337-7776,5602228557113014B,T256647556-23,10/21/2020 22:28
C617399555-7,Moina,Bolderoe,mbolderoe3l@is.gd,4 Fordem Center,227-461-0111,3538197191727527B,T623935980-27,10/21/2020 22:28
C373198640-X,Robyn,Peddersen,rpeddersenn9@smh.com.au,7 Dapin Drive,313-585-7840,30363526089491B,T032103752-29,10/21/2020 22:28
C246364705-1,Shannan,Garrals,sgarrals69@squidoo.com,49953 Sauthoff Road,443-429-1262,3574293864930491B,T285301012-20,10/21/2020 22:28
C498585888-9,Reynold,Souley,rsouleyql@mail.ru,609 Menomonie Center,527-648-0085,4903901948965501415B,T935769996-21,10/21/2020 22:29
C071657774-7,Vaughn,Lichfield,vlichfieldeb@dion.ne.jp,8 Vidon Street,673-322-0694,5610679310171519B,T314698923-29,10/21/2020 22:29
C530696624-1,Dolph,Cruddas,dcruddas6m@shop-pro.jp,6 Tennyson Plaza,626-610-8301,3585269429812603B,T025121898-28,10/21/2020 22:29
C692593854-3,Isadore,Monan,imonannk@webs.com,8 Mcbride Trail,563-123-6996,3587379657454297B,T677436241-29,10/21/2020 22:35
C646751908-6,Chere,Abramowitz,cabramowitzof@kickstarter.com,39533 Logan Crossing,850-497-7190,6395257741308536B,T035900445-28,10/21/2020 22:40
C635057613-6,Alexandra,Toolan,atoolan7n@auda.org.au,716 Lukken Circle,632-494-5330,201547649702716B,T654625099-23,10/21/2020 22:41
